Timestamp,IP,Status
2025-10-05 10:01:23,192.168.1.10,Failed
2025-10-05 10:01:25,192.168.1.10,Failed
2025-10-05 10:01:27,192.168.1.10,Failed
2025-10-05 10:01:29,192.168.1.10,Failed
2025-10-05 10:01:31,192.168.1.10,Failed
2025-10-05 10:01:33,192.168.1.10,Failed
2025-10-05 10:02:00,10.0.0.2,Successful
2025-10-05 10:02:10,203.0.113.5,Failed
2025-10-05 10:02:12,203.0.113.5,Successful
2025-10-05 10:02:15,198.51.100.23,Failed
2025-10-05 10:02:17,198.51.100.23,Failed
2025-10-05 10:02:19,198.51.100.23,Failed
2025-10-05 10:02:21,198.51.100.23,Failed
2025-10-05 10:02:23,198.51.100.23,Failed
2025-10-05 10:02:25,198.51.100.23,Failed
2025-10-05 10:02:27,198.51.100.23,Successful
